Model,AUROC,AUPRC,Brier,Sensitivity,Specificity
ElasticNet_LogReg,0.9703124999999999,0.9091780462184874,0.05102540019468701,0.8125,0.9375
RandomForest,0.95234375,0.8884477348631761,0.07820252502005498,0.4375,1.0
Dummy,0.475,0.1600877192982456,0.13906052336458496,0.0,1.0
