model,AUROC,AUPRC,Brier,Sensitivity,Specificity,brier_score,log_loss,expected_calibration_error
base,0.9874999999999999,0.95,0.03686927131107492,1.0,0.95,0.03686927131107492,0.15071200196533252,0.06938909202199821
calibrated,1.0,1.0,0.04945813370414153,0.5,1.0,0.04945813370414153,0.1850353161259128,0.11436052834552227
