mean_predicted_probability,observed_event_rate
0.026649775963888837,0.0
0.04128069490376379,0.0
0.06188546557185276,0.0
0.14776149936375352,0.0
0.5057747940756476,0.8
